Name,Age
Bradley Morris,53
Ryan Fuentes,53
Lindsay Berry,79
Jaime Santos,69
Keith Williams,98
Zachary Gonzales,86
Marcus Tate,71
Ryan Wright,83
Dr. Brian Wang,61
Mario Williams,93
Ariana Smith,62
Rodney Garcia,82
Richard Saunders,67
James Bird,74
Jeff Moore,61
Robert Barnes,75
Collin Myers,92
Johnny Reed,80
Cynthia Gonzalez,64
Robert Perez,93
Kevin Mcdaniel,82
Justin Garcia,66
Tiffany Hall,76
Brandon Case,60
Joseph Warner,62
Katie Ryan,94
Theresa Pope,50
Monique Oneal,62
Courtney Evans,84
Leslie Anderson DDS,76
Amanda Brown,70
Jill Chandler,73
Amy West,50
Scott Fritz,64
Greg Graham,59
Leah Johnson,87
Tasha Hayden,67
Leslie Franklin,61
Brandon Gallegos,94
Christopher Griffith,80
Randy Yang,89
Ashley Doyle,61
Joanna Mitchell,72
Dustin Gilbert,52
Scott Turner,63
Ms. Nancy Francis,95
Lori Moore,74
David Carson,89
Blake Garcia,82
Natasha Gilmore,52
Tyler Fernandez,57
Brian Conner,53
Sabrina Nichols,50
Paul Donovan,79
Christopher Wilson,89
Cynthia Webb,96
Hannah Larson,79
Joseph Pena,80
Paula Jackson,61
Timothy Jones,80
Steven Lee,94
Jennifer Bond,88
Michael Archer,84
Amanda Mitchell,55
Michael Perkins,70
Erika Acevedo,87
Margaret Graham,60
Samuel Gregory,72
Gerald Reeves,77
Joseph Lane,83
Charles Ramirez,75
Louis Wood,84
Ryan Malone,98
Jennifer Rodriguez,85
Phillip Jacobson,60
Dr. Ashley Ward,55
Matthew Chandler,59
Mrs. Patricia Decker DVM,54
Donna Mccarty,69
Mikayla Holt,64
Autumn Meyer,94
Andrew Carrillo,69
Christine Campbell,65
Frederick Gibson,82
Peter Evans,63
Andrea Curtis,63
Christopher Walker,82
Caitlin Richards,92
Justin Page,85
Jesse Matthews,92
Nichole Lee,77
Natasha Conner,65
Wesley Underwood,93
Angela Stewart,71
Nicole Byrd,73
Stanley Richards,84
William Brooks,58
Tanya Rivera,55
Michael Kirk,75
Sean Thompson,83
